[
  {"id":1,"name":"Wireless Bluetooth Headphones","category":"Electronics","price":59.99,"stock":120,"rating":4.5},
  {"id":2,"name":"Organic Green Tea","category":"Beverages","price":15.49,"stock":200,"rating":4.7},
  {"id":3,"name":"Running Shoes","category":"Footwear","price":89.99,"stock":75,"rating":4.3},
  {"id":4,"name":"Stainless Steel Water Bottle","category":"Accessories","price":24.99,"stock":150,"rating":4.6},
  {"id":5,"name":"Smart LED Light Bulb","category":"Home Automation","price":12.99,"stock":300,"rating":4.2},
  {"id":6,"name":"Yoga Mat","category":"Fitness","price":29.99,"stock":95,"rating":4.4},
  {"id":7,"name":"Electric Kettle","category":"Kitchen Appliances","price":45,"stock":60,"rating":4.1},
  {"id":8,"name":"Portable Phone Charger","category":"Electronics","price":34.99,"stock":180,"rating":4.5},
  {"id":9,"name":"Leather Wallet","category":"Accessories","price":39.99,"stock":85,"rating":4},
  {"id":10,"name":"Noise Cancelling Earbuds","category":"Electronics","price":79.99,"stock":110,"rating":4.3},
  {"id":"12","name":"Digital Alarm Clock","category":"Home Essentials","price":19.99,"stock":140,"rating":4.1},
  {"id":"12","name":"Ceramic Coffee Mug","category":"Kitchenware","price":11.49,"stock":230,"rating":4.4},
  {"id":"12","name":"Bluetooth Speaker","category":"Electronics","price":44.99,"stock":160,"rating":4.6},
  {"id":"33","name":"Fitness Tracker Band","category":"Fitness","price":69.95,"stock":90,"rating":4.2}
]
